,Date,ARI-R,ARI-L,ATL-R,ATL-L,BAL-R,BAL-L,BOS-R,BOS-L,CHC-R,CHC-L,CHW-R,CHW-L,CIN-R,CIN-L,CLE-R,CLE-L,COL-R,COL-L,DET-R,DET-L,HOU-R,HOU-L,KCR-R,KCR-L,LAA-R,LAA-L,LAD-R,LAD-L,MIA-R,MIA-L,MIL-R,MIL-L,MIN-R,MIN-L,NYM-R,NYM-L,NYY-R,NYY-L,OAK-R,OAK-L,PHI-R,PHI-L,PIT-R,PIT-L,SDP-R,SDP-L,SEA-R,SEA-L,SFG-R,SFG-L,STL-R,STL-L,TBR-R,TBR-L,TEX-R,TEX-L,TOR-R,TOR-L,WSN-R,WSN-L
0,2018-05-01,96,101,102,131,73,103,127,48,102,89,102,96,82,104,89,76,52,95,92,95,107,104,84,97,98,89,103,85,70,101,88,75,99,79,106,68,114,115,116,114,89,89,94,125,82,88,108,113,91,78,98,90,102,121,81,82,105,97,102,81
1,2018-05-02,94,100,103,131,74,99,126,65,102,84,99,96,81,95,91,92,60,94,92,89,103,104,84,99,102,89,102,84,68,100,90,72,98,85,106,57,114,113,118,109,89,91,93,125,82,88,108,109,89,88,98,88,98,122,82,82,103,96,105,80
2,2018-05-03,92,97,105,144,73,99,125,70,102,84,101,92,81,95,101,96,60,94,91,102,103,101,86,105,106,89,103,83,68,100,90,72,97,83,102,56,113,113,117,105,89,91,91,118,82,88,107,111,89,88,98,88,98,122,82,87,108,103,103,80
3,2018-05-04,86,97,105,140,74,99,124,70,100,84,102,92,80,105,101,96,63,94,90,102,105,101,86,100,107,92,102,88,67,101,91,72,101,88,102,64,115,113,118,106,91,86,94,115,78,86,103,111,92,90,97,95,99,125,80,86,107,95,106,80
4,2018-05-05,87,97,105,128,72,97,124,72,100,84,103,92,80,97,99,96,63,91,92,102,104,102,83,101,108,98,105,87,68,101,92,71,102,96,100,64,112,113,112,106,92,84,92,115,81,88,106,109,98,91,98,93,98,123,79,88,106,95,104,80
5,2018-05-06,85,97,104,123,69,97,124,72,98,83,100,93,81,97,96,95,66,90,92,101,103,102,83,98,112,98,105,85,68,102,88,71,99,96,99,59,111,113,110,106,92,82,95,115,82,91,107,106,97,92,100,88,99,123,78,84,104,95,104,80
6,2018-05-07,85,97,104,123,69,97,124,72,102,91,100,93,81,101,96,95,66,90,93,106,106,113,83,98,112,98,105,85,66,102,88,71,98,104,104,59,111,113,110,102,93,91,95,115,83,91,107,106,95,92,97,88,99,123,78,87,104,95,105,85
7,2018-05-08,85,102,103,116,73,98,122,71,100,91,102,91,82,104,95,95,66,89,93,111,107,115,92,99,109,98,105,84,66,101,88,73,97,108,102,61,112,111,108,102,94,97,98,117,79,91,108,106,92,92,95,87,99,117,78,88,104,84,105,82
8,2018-05-09,86,101,101,115,74,95,124,73,103,103,105,86,80,104,97,95,66,89,93,109,107,115,91,98,111,104,105,85,67,101,85,73,97,108,99,60,115,109,105,102,95,97,98,115,79,91,106,106,90,94,95,87,97,115,79,92,107,83,104,84
9,2018-05-10,83,100,104,113,79,98,122,79,103,103,105,86,80,104,97,95,65,90,93,109,107,115,93,97,115,104,102,84,66,100,89,68,97,110,99,60,115,102,105,102,96,101,98,115,78,91,107,116,89,94,95,83,97,115,79,92,107,84,102,84
10,2018-05-11,81,100,102,113,81,100,118,79,106,108,104,86,82,102,99,94,70,89,93,109,106,109,95,99,114,103,101,83,71,99,93,71,97,112,99,60,114,102,110,102,94,103,99,133,80,91,107,116,87,95,95,97,98,119,77,91,106,84,101,84
11,2018-05-12,79,99,104,117,82,97,118,78,108,109,106,82,83,102,100,94,69,93,94,114,109,109,94,99,112,103,101,85,71,100,92,69,96,112,99,60,115,103,108,103,94,103,99,134,78,91,108,117,91,94,94,94,101,117,75,91,104,85,101,82
12,2018-05-13,79,97,103,117,87,104,117,78,106,107,104,82,82,106,99,108,67,96,95,110,108,111,93,98,111,106,100,83,72,95,94,72,94,112,101,60,115,107,106,106,96,103,100,126,80,89,107,119,93,94,94,92,99,118,76,84,104,88,103,81
13,2018-05-14,78,96,102,122,87,104,117,80,105,109,104,82,86,106,98,107,68,95,96,110,108,106,91,99,108,106,100,83,72,95,95,72,93,102,101,60,115,107,108,105,96,103,100,126,79,91,105,119,97,94,94,92,99,114,76,84,104,88,103,81
14,2018-05-15,75,97,101,121,87,104,116,80,105,105,101,82,85,105,99,112,64,94,96,114,105,109,91,99,108,106,100,82,72,96,92,72,92,104,103,66,115,108,108,105,96,103,101,128,80,91,105,124,99,92,90,92,100,113,77,82,101,88,103,83
15,2018-05-16,74,96,102,121,85,104,116,79,104,105,102,82,84,106,97,113,64,94,93,114,103,109,91,99,106,106,100,82,75,96,96,68,93,103,104,58,115,108,108,103,96,105,101,123,80,91,102,124,100,93,92,94,100,113,76,82,105,90,103,83
16,2018-05-17,74,96,102,121,85,97,117,79,104,105,101,82,84,106,97,113,63,94,93,110,103,109,91,99,104,106,101,83,73,96,96,68,93,103,104,58,115,108,112,103,96,105,100,124,80,90,101,122,98,92,92,93,103,113,74,84,104,90,103,83
17,2018-05-18,73,96,99,121,85,101,118,81,106,105,100,83,84,99,96,113,64,94,92,110,104,109,91,98,104,101,101,83,73,93,100,68,92,102,103,57,113,109,112,103,96,105,100,123,79,90,100,121,97,90,97,93,107,113,76,82,102,89,103,83
18,2018-05-19,71,100,98,126,84,101,118,82,109,103,101,81,84,92,96,114,65,92,92,102,105,109,92,97,104,97,100,86,72,90,100,69,93,100,104,62,115,114,112,103,95,104,100,117,80,90,103,121,100,92,96,93,106,111,76,80,101,91,98,83
19,2018-05-20,69,99,100,122,84,100,120,82,110,103,100,83,82,92,93,114,65,93,91,101,104,110,89,97,103,100,101,86,76,92,99,68,93,99,103,68,116,121,113,101,93,104,101,115,78,93,104,114,100,98,96,93,105,111,73,79,99,91,98,78
20,2018-05-21,68,99,97,122,83,101,120,82,110,103,101,83,82,92,93,114,63,93,89,101,104,110,86,97,103,100,99,86,76,88,99,67,92,102,103,68,119,121,113,101,94,103,101,115,78,89,104,114,100,98,97,93,105,111,74,79,99,91,101,84
21,2018-05-22,67,99,97,122,83,101,119,82,109,105,102,83,83,92,94,116,62,92,88,100,105,115,88,97,103,95,100,84,76,88,97,66,93,98,102,65,119,121,111,101,92,103,100,118,78,88,103,114,100,98,97,93,105,108,75,79,99,91,100,86
22,2018-05-23,66,99,96,122,81,99,119,80,107,103,104,85,83,90,94,112,60,92,88,101,105,113,86,98,103,95,100,84,76,88,100,66,92,98,101,65,121,119,110,96,92,103,101,118,78,87,101,114,97,98,95,93,104,106,75,86,98,95,98,86
23,2018-05-24,66,99,96,122,84,98,119,76,107,103,101,85,83,90,93,112,60,92,88,101,106,114,86,98,105,93,100,84,76,88,99,66,92,98,103,65,121,119,108,95,92,103,100,119,78,87,101,114,97,98,95,93,104,106,75,82,97,93,98,86
24,2018-05-25,66,103,95,120,84,95,120,76,108,103,102,84,83,90,92,112,62,91,89,101,108,116,86,100,105,91,99,85,78,86,98,66,91,92,103,64,121,116,108,92,93,103,101,120,77,86,99,114,95,99,94,93,104,105,76,87,99,92,99,86
25,2018-05-26,63,103,94,124,83,92,119,84,107,104,103,90,83,93,94,112,64,91,88,105,108,116,85,99,107,93,100,84,77,86,102,71,89,92,105,65,121,116,108,93,93,99,100,121,77,90,100,113,96,100,94,93,106,104,76,87,96,92,101,83
26,2018-05-27,61,103,95,122,82,92,117,84,108,108,103,86,83,95,95,112,68,91,87,105,108,116,84,101,106,92,100,88,76,87,102,72,87,92,105,66,120,113,107,93,92,96,98,121,76,90,100,113,97,98,94,94,109,104,76,91,96,91,101,86
27,2018-05-28,63,105,94,127,82,90,118,84,108,110,104,85,85,95,97,112,68,90,89,106,107,116,86,102,106,90,98,88,77,91,102,74,89,92,106,70,119,113,105,93,92,96,97,112,76,88,99,113,98,97,93,95,105,104,76,89,97,91,100,89
28,2018-05-29,63,104,96,125,83,89,121,83,111,109,103,88,85,95,99,114,71,90,90,106,106,117,84,103,109,90,98,88,78,90,100,74,87,91,107,70,120,114,105,88,93,97,96,116,78,86,100,112,99,100,94,96,107,104,78,91,97,91,102,88
29,2018-05-30,65,103,96,120,81,90,121,83,110,109,102,87,84,97,101,113,71,91,90,106,105,117,87,103,108,90,100,88,78,85,100,76,89,91,107,70,119,114,102,88,93,97,97,115,78,86,100,114,99,100,93,96,107,107,79,92,96,90,101,87
30,2018-05-31,65,103,96,120,81,90,119,83,110,111,102,87,84,97,104,113,71,91,91,109,104,119,87,103,107,90,96,88,79,85,100,76,91,91,107,70,119,114,102,90,93,93,99,114,78,89,101,115,99,100,93,101,105,107,78,92,96,90,100,84
31,2018-06-01,68,105,95,121,81,89,118,83,111,111,102,91,85,98,103,112,73,91,90,113,106,117,87,103,108,90,98,93,78,85,98,80,93,91,107,69,119,115,105,91,91,92,99,113,77,89,101,114,99,100,91,101,105,107,78,91,96,89,97,84
32,2018-06-02,67,108,93,115,83,89,118,81,111,114,100,90,85,98,102,112,74,90,90,113,105,116,89,103,107,91,100,94,78,87,99,82,93,90,105,66,120,115,105,91,91,86,99,110,78,89,101,114,97,101,91,101,104,105,76,91,95,90,96,83
33,2018-06-03,69,107,94,115,83,89,120,81,110,111,101,90,86,99,103,112,72,91,89,115,104,116,87,103,106,89,101,93,78,87,98,81,95,92,105,63,120,115,105,91,90,86,96,110,79,90,101,109,98,101,91,99,102,105,76,90,97,90,94,83
34,2018-06-04,68,106,95,111,83,89,120,81,110,111,101,90,86,99,103,112,72,91,89,114,104,116,88,102,107,94,101,93,78,87,98,81,95,92,105,63,120,115,105,91,90,86,96,110,81,95,101,109,101,102,91,99,102,105,76,90,97,90,94,83
35,2018-06-05,67,107,98,111,82,88,120,81,109,111,101,90,87,100,103,110,74,92,87,114,104,116,88,95,106,94,101,92,79,88,97,81,95,92,103,62,120,117,104,95,90,87,95,110,81,94,100,110,101,100,91,100,101,104,78,91,97,88,93,83
36,2018-06-06,69,104,97,109,81,88,121,84,108,113,100,88,87,100,102,110,74,92,87,110,104,119,88,94,107,94,102,94,82,91,97,81,94,94,101,63,118,116,104,95,91,84,95,113,81,92,102,110,102,101,90,101,100,104,80,91,93,88,92,88
37,2018-06-07,69,104,97,109,82,86,120,84,108,112,99,88,87,100,102,110,74,93,86,112,104,119,87,94,107,94,104,94,80,91,97,81,95,94,101,63,118,116,104,94,91,83,96,112,81,92,102,110,102,101,90,104,101,104,80,91,95,87,92,88
38,2018-06-08,72,104,96,110,82,82,118,83,108,112,99,85,88,100,101,110,75,92,86,112,105,119,86,94,106,94,105,96,80,93,99,81,95,93,100,63,117,116,106,93,91,83,96,111,80,92,102,108,105,100,91,104,102,102,79,91,97,88,92,88
39,2018-06-09,74,105,95,113,81,81,118,84,107,112,98,85,89,100,100,110,76,92,85,111,105,119,85,93,106,93,105,95,80,92,99,85,95,91,100,63,117,117,105,90,90,83,95,103,82,91,102,109,105,100,92,104,103,100,80,90,98,88,93,88
40,2018-06-10,74,107,95,113,82,81,118,82,105,110,98,85,90,101,101,110,75,92,84,111,104,123,85,91,106,91,105,98,80,87,99,85,97,91,99,63,115,117,106,90,89,84,95,106,82,91,101,109,104,101,92,102,103,99,79,94,102,88,92,86
41,2018-06-11,75,107,95,113,80,81,116,81,105,110,95,85,90,101,102,108,75,92,84,111,104,123,85,91,106,92,105,98,80,89,99,84,97,91,99,63,115,117,106,90,89,84,95,106,81,92,100,113,103,100,93,102,103,99,79,94,101,89,92,86
42,2018-06-12,77,107,96,113,81,83,116,83,103,110,96,85,89,101,101,107,75,92,84,111,106,123,83,90,105,92,108,100,80,88,98,84,97,87,97,62,114,118,105,90,88,83,96,108,80,92,103,114,102,100,93,98,103,99,80,93,100,88,92,84
43,2018-06-13,76,108,95,113,80,81,116,83,101,110,95,85,89,101,101,108,75,92,84,111,108,124,83,90,107,94,107,100,81,88,98,81,97,86,96,62,115,116,105,90,88,83,97,105,80,91,105,114,102,100,93,97,103,97,80,91,98,88,93,84
44,2018-06-14,77,110,95,113,80,81,116,83,101,110,94,84,89,101,101,106,74,91,84,110,110,124,83,90,107,94,107,100,81,86,98,81,95,86,95,62,115,116,104,90,90,84,97,105,80,91,105,112,101,101,93,97,103,96,80,91,98,88,93,84
45,2018-06-15,79,110,95,111,78,81,114,86,104,110,95,84,88,100,99,108,75,94,85,110,111,124,82,90,107,94,107,100,82,85,100,81,94,87,95,62,114,116,105,90,90,85,96,106,81,93,106,112,99,100,93,97,101,96,80,90,98,92,92,84
46,2018-06-16,78,108,93,111,79,83,114,80,104,109,94,84,88,99,100,108,74,92,86,109,111,124,81,88,106,92,106,101,82,85,98,81,95,89,95,65,113,119,105,90,91,86,97,106,81,89,105,112,98,99,93,97,100,98,80,92,97,92,91,84
47,2018-06-17,78,108,93,110,81,83,115,81,103,108,94,85,89,99,100,106,76,93,86,108,112,125,81,88,106,92,105,100,83,85,101,80,96,87,96,65,112,120,106,87,93,86,98,106,80,89,104,111,98,98,94,97,100,98,81,92,100,91,91,84
48,2018-06-18,79,108,93,110,81,83,115,81,103,108,93,85,89,99,100,107,75,93,86,108,112,125,81,87,106,93,105,100,84,83,99,80,96,87,97,72,112,120,106,87,92,86,97,106,80,89,104,111,96,99,94,97,99,98,82,93,100,91,90,84
49,2018-06-19,78,108,93,114,82,83,114,81,104,102,92,85,91,101,101,106,76,98,85,111,111,123,81,84,107,92,105,100,84,83,99,80,97,84,97,72,113,122,106,86,93,86,96,107,80,89,102,111,99,98,95,97,98,98,83,92,101,89,91,86
50,2018-06-20,78,108,94,112,82,84,113,80,105,103,90,85,92,102,103,106,78,98,85,110,113,123,80,85,107,92,105,99,85,83,99,80,96,88,98,73,113,122,108,90,93,86,96,107,80,89,102,111,99,98,95,97,97,98,83,92,101,89,90,85
51,2018-06-21,80,107,94,112,81,83,115,79,105,103,90,85,91,104,103,106,77,99,85,110,113,123,80,85,108,92,105,99,85,83,100,80,95,88,98,77,113,124,108,90,93,86,95,108,80,85,103,110,99,97,95,94,97,98,83,92,101,92,91,85
52,2018-06-22,78,107,92,116,83,82,116,83,103,102,90,83,91,107,103,106,78,102,84,110,113,121,80,85,107,92,104,98,85,83,99,80,94,86,98,77,112,122,107,91,95,88,94,101,80,86,104,110,99,94,94,93,97,100,83,92,100,91,91,84
53,2018-06-23,79,107,92,117,83,82,115,83,103,102,90,83,91,109,103,105,77,102,83,109,112,121,79,85,106,92,105,98,85,83,98,80,94,87,98,78,111,122,108,90,96,88,93,101,81,87,104,112,99,94,93,93,97,101,84,92,101,91,90,85
54,2018-06-24,79,107,93,117,83,81,115,84,104,101,92,83,93,109,105,108,76,101,82,109,112,121,78,85,106,92,107,99,86,83,98,79,94,86,98,79,111,120,108,90,96,88,92,101,80,87,104,109,98,95,95,92,98,102,82,92,103,91,92,86
55,2018-06-25,79,106,93,116,82,80,115,84,103,102,92,83,92,108,103,109,76,101,82,110,112,121,78,86,104,92,106,100,88,82,98,79,94,86,98,78,110,121,109,90,95,89,92,101,79,90,104,109,98,95,95,92,98,105,84,90,103,91,92,84
56,2018-06-26,79,106,93,116,82,80,115,88,103,104,93,84,92,108,102,109,77,100,83,110,113,123,77,86,103,92,105,99,88,82,99,80,94,85,98,79,110,121,109,93,94,88,92,100,78,92,103,109,98,95,97,91,97,105,84,90,102,91,90,85
57,2018-06-27,78,105,92,116,83,80,115,94,103,104,94,84,92,109,102,108,77,96,82,110,114,122,77,87,103,92,107,100,88,80,98,83,93,84,98,78,109,121,108,93,94,88,92,100,79,88,104,110,98,93,96,91,97,105,84,93,101,91,90,85
58,2018-06-28,79,105,92,116,82,80,115,95,105,102,93,84,93,109,102,108,78,96,81,109,114,122,77,87,103,91,106,102,87,80,98,84,93,82,98,78,109,121,108,93,94,88,92,100,79,88,104,109,99,93,96,91,96,105,84,93,101,91,89,85
59,2018-06-29,78,103,92,116,81,80,114,93,107,102,92,83,92,109,101,108,78,96,80,109,112,122,77,85,104,91,107,99,89,79,99,84,92,85,98,78,110,122,108,93,96,89,91,102,79,88,104,109,99,92,95,89,95,105,86,93,101,93,94,85
60,2018-06-30,78,101,94,115,81,78,116,93,108,104,93,84,93,110,100,108,77,96,80,109,111,120,77,85,103,92,105,99,89,79,98,84,92,86,98,77,109,117,108,92,96,89,91,102,79,88,105,109,100,91,96,87,95,105,87,95,102,92,94,85
61,2018-07-01,79,102,93,115,83,78,114,94,109,106,93,87,93,110,103,108,78,96,81,111,112,117,76,81,102,92,106,99,89,78,97,84,94,88,97,77,110,123,108,92,95,87,92,101,80,87,103,109,102,91,96,86,95,105,86,96,101,92,93,84
62,2018-07-02,79,102,93,114,83,78,113,94,109,106,92,89,94,110,105,108,77,97,81,108,112,117,76,81,102,92,109,101,89,78,98,84,93,89,97,77,110,123,108,92,95,87,92,100,80,87,103,109,102,90,96,90,95,102,86,96,99,92,94,84
63,2018-07-03,78,103,94,113,82,78,114,96,110,106,94,88,95,107,104,108,78,97,80,107,112,117,77,81,102,89,112,100,89,77,98,82,92,88,98,78,110,125,108,94,95,87,92,98,80,87,104,107,100,90,95,90,97,101,87,94,100,92,94,85
64,2018-07-04,78,103,94,113,82,78,114,94,110,107,95,88,95,106,103,108,78,96,81,108,112,118,77,81,103,89,112,100,89,77,98,82,91,88,99,77,110,124,109,94,94,86,92,97,80,86,104,108,100,88,96,91,96,101,87,94,100,92,94,83
65,2018-07-05,78,103,93,112,82,78,114,94,110,107,94,88,95,106,103,108,78,96,81,108,112,119,77,81,103,87,112,100,90,78,98,84,92,87,99,77,110,124,109,94,94,86,92,97,81,86,105,107,99,87,97,94,96,101,86,95,100,92,94,87
66,2018-07-06,78,102,94,111,82,78,115,95,109,108,94,88,95,106,104,108,79,96,81,108,112,121,78,80,102,86,111,100,90,80,98,83,93,85,99,76,109,124,109,94,97,88,92,99,80,86,104,107,98,87,97,92,95,101,85,95,100,91,94,87
67,2018-07-07,82,103,93,112,82,78,117,95,110,108,93,88,95,105,103,107,79,95,81,110,114,122,76,82,101,86,110,100,90,80,96,83,93,85,98,77,109,127,109,94,96,88,91,99,79,89,104,107,97,87,96,92,96,101,85,94,101,92,95,89
68,2018-07-08,81,102,93,112,82,78,118,95,109,109,93,87,95,105,102,105,79,94,80,110,113,122,77,82,101,86,110,98,93,80,97,86,94,85,97,77,109,126,110,94,95,87,91,99,80,87,104,107,99,87,97,93,97,101,85,94,100,92,95,87
69,2018-07-09,81,102,93,112,82,81,118,95,109,105,93,87,96,105,102,107,79,94,81,110,112,122,76,82,101,86,110,98,93,82,98,86,94,85,95,77,110,127,109,94,94,87,92,98,80,85,104,107,99,87,97,93,97,105,85,92,100,92,95,88
70,2018-07-10,81,103,92,113,83,81,119,94,109,104,92,87,96,105,102,106,79,94,80,109,111,123,79,82,103,86,110,96,93,82,98,85,95,84,95,77,109,127,109,94,95,87,91,98,79,86,103,107,98,85,98,96,97,104,84,93,99,92,95,89
71,2018-07-11,81,103,93,114,82,81,119,93,109,104,92,87,97,105,104,107,81,97,80,107,110,123,80,82,102,82,110,96,92,82,98,84,96,87,94,76,111,127,110,94,94,87,91,98,79,86,103,107,97,87,97,93,98,104,85,92,99,92,94,89
72,2018-07-12,81,102,93,114,82,80,118,94,109,104,92,87,97,105,104,107,82,96,80,107,110,122,80,82,103,84,110,96,92,82,97,84,95,88,94,76,111,127,110,94,95,86,91,98,79,86,103,106,97,87,97,93,97,104,85,92,99,92,94,91
73,2018-07-13,80,102,92,114,82,79,118,97,108,105,93,88,98,106,105,107,83,97,80,105,110,122,79,82,104,84,110,96,92,82,97,84,96,89,95,76,111,127,109,93,95,85,92,98,79,86,103,107,97,87,96,92,98,104,84,93,101,94,94,91
74,2018-07-14,80,102,91,114,82,79,118,96,110,103,93,86,99,105,104,105,83,98,79,105,111,122,79,82,104,85,110,96,91,81,97,84,96,91,95,76,111,126,109,94,95,85,94,97,79,88,102,107,97,89,96,92,101,105,83,93,101,92,94,91
75,2018-07-15,80,101,91,113,82,80,118,97,109,104,93,90,98,105,104,105,83,98,79,104,110,121,79,81,104,85,111,96,92,82,97,83,97,91,94,76,111,126,109,94,94,84,94,97,79,88,102,105,96,89,96,92,101,104,84,93,101,92,93,92
76,2018-07-16,80,101,91,113,82,80,118,97,109,104,93,90,98,105,104,105,83,98,79,104,110,121,79,81,104,85,111,96,92,82,97,83,97,91,94,76,111,126,109,94,94,84,94,97,79,88,102,105,96,89,96,92,101,104,84,93,101,92,93,92
77,2018-07-17,80,101,91,113,82,80,118,97,109,104,93,90,98,105,104,105,83,98,79,104,110,121,79,81,104,85,111,96,92,82,97,83,97,91,94,76,111,126,109,94,94,84,94,97,79,88,102,105,96,89,96,92,101,104,84,93,101,92,93,92
78,2018-07-18,80,101,91,113,82,80,118,97,109,104,93,90,98,105,104,105,83,98,79,104,110,121,79,81,104,85,111,96,92,82,97,83,97,91,94,76,111,126,109,94,94,84,94,97,79,88,102,105,96,89,96,92,101,104,84,93,101,92,93,92
79,2018-07-19,80,101,91,113,82,80,118,97,110,104,93,90,98,105,104,105,83,98,79,104,110,121,79,81,104,85,111,96,92,82,97,83,97,91,94,76,111,126,109,94,94,84,94,97,79,88,102,105,96,89,98,91,101,104,84,93,101,92,93,92
80,2018-07-20,81,101,91,113,82,80,117,95,110,106,93,88,98,106,104,109,84,99,79,102,110,120,80,81,103,82,111,95,92,83,98,83,98,89,95,77,111,126,108,94,94,86,96,97,80,88,102,105,96,89,99,99,101,105,86,93,101,92,94,92
81,2018-07-21,81,100,91,113,82,80,117,95,109,108,93,88,97,106,107,109,84,99,79,100,109,122,80,81,103,82,111,94,92,82,98,83,98,88,94,78,111,128,107,95,94,86,97,97,80,88,100,105,95,90,98,99,101,105,86,93,101,91,94,92
82,2018-07-22,81,100,92,114,83,79,116,97,109,109,92,86,96,106,106,109,83,99,79,97,110,120,79,81,105,82,111,97,92,82,98,81,97,87,94,78,111,128,108,96,95,85,98,96,79,87,100,106,95,88,98,98,101,105,85,94,102,92,95,92
83,2018-07-23,82,99,94,114,83,79,116,97,109,107,93,86,96,106,105,109,83,99,79,97,110,120,80,82,105,81,113,96,91,82,97,82,98,87,94,77,110,127,108,103,95,84,99,96,79,87,100,106,95,88,97,98,101,105,85,94,102,93,94,92
84,2018-07-24,82,99,93,114,83,80,116,97,108,107,92,86,95,104,105,110,82,99,78,99,111,118,80,82,105,79,112,96,92,82,98,83,98,86,93,80,109,127,108,104,95,84,100,96,78,87,100,106,95,89,97,99,100,105,85,95,100,93,93,92
85,2018-07-25,82,98,93,114,83,80,116,97,108,105,93,84,96,104,104,111,82,99,77,100,109,118,80,82,108,78,111,96,92,82,96,85,100,85,93,80,108,127,109,105,95,84,99,95,78,87,100,105,94,89,97,99,100,105,85,95,101,92,93,92
86,2018-07-26,83,98,94,110,83,82,115,97,109,105,94,85,96,105,104,111,82,99,77,100,109,118,80,82,110,77,111,97,92,83,97,85,100,85,95,80,109,127,110,105,97,86,100,94,78,87,100,105,94,89,97,99,100,105,85,95,101,92,94,94
87,2018-07-27,84,97,93,108,85,82,115,96,108,105,94,85,96,105,105,112,82,100,78,101,109,119,80,82,110,77,111,97,91,82,97,84,100,83,95,80,109,127,110,104,97,86,101,94,78,87,100,104,94,89,96,102,100,105,86,96,103,92,96,94
88,2018-07-28,85,97,93,106,86,85,116,98,108,105,95,85,97,106,104,111,82,101,78,100,108,118,81,85,111,78,111,96,91,81,97,85,99,83,94,80,109,128,109,104,96,86,101,94,78,87,101,104,93,89,96,104,100,105,87,96,103,91,95,94
89,2018-07-29,84,99,93,106,88,85,116,96,108,106,95,85,97,106,105,113,82,101,77,100,108,117,82,83,111,78,111,93,91,80,98,86,98,83,94,80,110,128,109,104,95,87,100,94,78,87,101,104,94,89,95,104,100,105,86,96,104,92,94,93
90,2018-07-30,84,100,93,107,88,85,115,96,108,106,95,85,97,106,106,113,82,101,77,100,108,114,82,83,111,78,111,92,91,80,98,86,98,83,94,80,110,128,109,106,95,87,100,94,78,87,100,104,94,90,95,104,100,105,88,96,103,92,94,93
91,2018-07-31,85,99,95,107,87,85,114,96,108,106,96,85,97,104,105,113,82,101,76,100,108,116,82,83,111,81,111,90,91,82,97,85,98,83,94,80,110,128,110,106,95,87,99,96,77,86,100,104,94,90,94,104,100,109,87,95,102,92,97,96
92,2018-08-01,85,99,95,107,88,85,114,96,109,108,96,85,97,103,106,111,82,101,77,101,108,118,83,82,110,81,112,90,91,82,97,86,97,83,95,78,110,127,110,106,95,87,99,95,77,86,100,104,94,90,94,106,101,109,87,95,102,92,97,96
93,2018-08-02,85,99,95,107,90,85,116,96,108,104,97,86,97,103,106,111,81,100,77,101,108,118,82,83,110,79,115,90,90,81,97,86,97,83,95,77,110,129,110,106,95,87,99,95,78,88,100,104,94,91,94,106,101,109,89,97,103,93,98,96
94,2018-08-03,86,99,94,107,89,85,116,96,108,104,96,86,97,103,105,110,81,100,76,98,108,117,82,83,110,79,114,90,90,81,97,86,97,84,94,76,108,129,110,104,95,87,99,95,78,87,100,101,94,90,95,106,100,109,89,98,103,93,98,96
95,2018-08-04,86,101,93,107,89,83,116,96,109,104,96,87,96,105,105,110,81,100,76,98,109,119,81,83,108,79,113,90,89,81,97,90,98,84,94,75,108,129,110,104,96,87,99,97,78,87,99,101,94,90,96,106,100,108,89,98,103,95,98,96
96,2018-08-05,86,100,93,107,90,84,115,96,109,105,96,89,95,105,105,110,81,100,75,97,109,119,82,82,108,80,112,90,89,81,97,90,99,85,94,76,107,127,110,105,96,88,98,98,78,91,100,101,94,91,96,106,100,110,90,97,103,94,98,95
97,2018-08-06,86,101,93,107,90,84,115,96,109,105,95,89,95,105,107,110,80,100,75,97,107,119,82,82,108,81,112,90,89,81,97,90,97,84,95,76,107,127,110,105,95,87,97,96,78,91,99,103,93,91,96,103,100,110,90,94,103,94,98,95
98,2018-08-07,86,101,92,108,90,84,116,96,109,105,94,89,95,106,107,107,80,100,75,98,108,118,82,81,109,82,112,91,89,81,96,92,98,84,95,76,107,126,110,104,94,88,98,96,79,92,100,102,93,90,96,103,100,109,91,94,104,96,98,96
99,2018-08-08,87,101,92,109,91,82,117,96,108,105,93,89,94,105,107,107,80,99,74,98,108,118,82,81,109,84,111,91,88,80,97,92,98,84,95,76,107,124,110,103,94,86,98,96,79,92,100,103,93,90,97,103,99,110,91,99,104,96,98,96
100,2018-08-09,87,101,92,108,91,82,117,98,108,105,93,89,94,105,107,105,80,99,74,98,108,118,82,81,109,84,113,90,88,80,97,92,98,83,95,76,108,124,110,103,94,86,98,97,81,92,101,103,92,90,97,103,99,110,90,99,104,96,98,97
101,2018-08-10,86,101,93,108,93,82,118,100,107,106,93,89,94,105,107,103,81,100,74,98,107,118,82,80,109,83,113,90,87,81,96,92,97,83,96,76,109,123,109,103,94,86,99,99,80,92,101,103,94,90,98,103,99,110,92,98,104,93,98,97
102,2018-08-11,86,101,93,107,93,80,118,102,107,106,92,89,94,105,107,104,80,100,74,98,107,117,82,80,108,83,113,90,87,81,96,93,97,84,95,75,109,122,109,106,94,86,98,99,80,93,101,103,93,90,98,105,99,110,92,99,104,93,98,100
103,2018-08-12,87,101,94,107,93,78,117,102,106,106,92,89,93,105,107,103,80,99,75,97,106,117,81,80,109,83,112,90,87,81,96,96,97,82,95,76,109,123,110,105,94,85,97,99,81,93,101,102,93,90,98,104,98,109,92,97,103,93,98,96
104,2018-08-13,86,101,95,108,93,78,117,102,106,106,93,89,94,105,108,105,80,99,76,97,106,117,82,80,109,81,112,90,86,81,96,96,97,82,96,77,109,123,110,106,94,85,97,99,81,91,102,101,93,89,99,108,98,109,92,97,103,93,98,97
105,2018-08-14,87,101,96,109,94,79,117,102,105,105,93,89,94,104,108,105,81,99,76,95,106,117,82,81,110,82,112,89,86,81,96,98,97,82,96,76,109,122,110,107,93,85,97,99,81,91,102,101,93,88,99,108,99,107,92,95,103,93,98,96
106,2018-08-15,87,101,96,110,95,79,117,101,106,105,93,89,94,104,107,105,80,99,76,94,106,120,82,81,110,81,113,89,86,80,96,98,97,82,98,77,109,121,108,108,92,86,97,99,81,90,102,99,92,87,99,108,99,107,92,95,104,92,98,95
107,2018-08-16,87,101,95,110,95,79,117,101,106,105,93,89,94,104,107,105,79,99,77,94,106,120,83,81,110,81,113,89,86,80,96,98,97,85,100,81,109,118,108,108,93,88,97,98,80,90,102,99,92,87,99,108,99,106,93,95,103,92,98,95
108,2018-08-17,87,103,95,110,94,79,117,101,105,105,94,89,94,104,107,105,79,100,78,93,105,120,83,81,109,82,113,91,86,80,95,98,98,85,99,80,110,117,108,109,94,87,97,97,80,91,101,98,91,87,99,108,99,106,93,95,103,92,99,95
109,2018-08-18,87,103,95,110,93,79,117,100,104,104,94,89,94,105,106,105,79,101,78,93,104,120,83,80,110,84,113,91,86,80,95,98,98,87,99,80,111,117,108,110,93,87,97,96,81,90,101,98,90,88,99,106,99,105,93,96,104,92,99,94
110,2018-08-19,88,103,94,110,93,79,116,98,104,104,95,88,94,109,106,105,79,101,78,92,104,122,84,78,109,83,114,92,86,84,95,98,98,86,99,80,111,119,108,110,93,88,97,96,81,90,101,96,90,88,98,106,99,105,94,96,103,93,98,94
111,2018-08-20,88,103,94,110,93,78,116,98,104,104,94,91,94,108,106,105,79,101,78,92,104,122,84,77,109,83,114,92,86,84,95,98,98,86,99,79,111,119,109,110,93,88,97,96,81,90,102,96,89,87,98,107,99,105,92,96,104,93,98,94
112,2018-08-21,88,102,94,110,93,78,116,97,104,104,94,91,94,109,107,105,78,101,79,92,103,123,84,77,110,83,113,92,86,84,96,98,98,86,98,81,110,118,109,110,92,88,96,96,80,91,102,96,88,87,98,106,100,105,92,93,105,93,99,95
113,2018-08-22,88,104,94,110,93,76,116,97,104,104,95,91,93,109,107,105,79,101,79,92,104,124,84,76,109,83,112,92,87,84,97,99,98,86,99,81,109,118,110,108,93,88,95,96,80,91,102,96,88,87,98,106,100,106,92,93,105,92,100,95
114,2018-08-23,88,104,94,111,93,76,117,97,105,104,95,91,93,108,107,103,79,100,79,92,104,124,84,76,109,83,112,92,87,83,97,99,98,86,99,80,109,118,110,108,92,88,95,96,80,91,102,96,88,87,98,106,100,106,92,93,105,92,99,95
115,2018-08-24,87,104,93,110,93,77,116,97,105,104,95,90,93,108,107,102,80,100,79,92,105,124,85,75,109,83,113,94,86,83,97,97,98,86,99,80,110,118,110,108,92,88,95,97,80,89,103,95,88,87,99,106,101,105,92,93,105,92,98,92
116,2018-08-25,88,103,93,110,92,76,116,97,105,106,95,93,94,107,106,102,80,101,78,92,105,125,86,75,108,83,113,95,86,83,97,97,97,86,99,81,111,118,110,110,93,87,96,97,80,88,103,96,88,87,98,106,101,105,93,92,106,92,98,92
117,2018-08-26,88,102,93,110,92,75,116,95,106,105,95,92,93,107,107,102,80,100,78,94,104,125,86,75,108,82,113,96,85,83,97,97,98,86,98,81,111,118,111,110,94,87,96,96,80,90,102,96,88,87,98,108,102,105,93,90,106,92,100,91
118,2018-08-27,87,102,93,110,92,75,116,95,106,107,95,92,93,107,107,102,81,100,78,94,105,126,86,75,108,82,113,96,85,83,97,97,98,86,98,81,110,116,111,110,94,87,96,96,80,90,102,96,88,86,98,108,102,105,93,90,105,92,100,90
119,2018-08-28,87,100,94,109,93,78,116,95,105,107,95,92,94,107,107,103,80,100,78,94,104,126,86,76,108,81,114,95,86,84,97,97,97,86,98,81,111,116,110,110,94,86,96,96,80,90,102,96,87,86,98,108,102,106,93,89,105,93,100,90
120,2018-08-29,87,100,94,109,93,79,117,96,105,106,95,92,95,108,107,102,80,100,78,91,105,126,88,76,108,81,113,96,86,85,99,97,98,86,98,82,110,115,110,109,95,87,95,96,81,90,102,95,87,86,98,108,102,107,93,87,106,94,100,91
121,2018-08-30,86,101,94,109,93,79,117,96,105,106,95,92,94,106,107,102,80,97,78,93,105,125,88,76,107,81,113,95,86,85,99,96,97,86,98,82,111,116,110,108,95,87,95,97,80,90,102,95,87,86,98,108,102,107,93,87,106,94,100,91
122,2018-08-31,86,99,94,109,92,79,116,96,105,106,96,93,94,107,106,102,79,97,79,94,104,125,89,76,107,81,113,95,87,85,99,96,98,87,98,80,111,116,111,108,95,85,95,96,80,92,102,95,87,86,99,108,101,106,92,88,106,94,100,91
123,2018-09-01,86,98,93,109,93,79,116,96,105,105,95,92,94,107,106,101,79,97,78,94,104,125,89,76,107,80,113,94,87,85,99,96,98,87,98,79,111,115,111,107,94,84,94,95,80,92,102,95,87,85,98,108,102,106,93,88,106,91,100,90
124,2018-09-02,86,99,93,109,93,79,116,96,106,105,96,95,95,106,106,99,79,97,80,95,104,125,90,76,106,80,113,93,87,85,100,96,98,85,98,79,111,115,111,108,94,84,94,94,80,92,102,95,85,85,98,107,103,106,95,88,106,91,100,90
125,2018-09-03,85,99,93,109,92,79,115,96,105,104,96,94,95,106,106,99,79,99,79,96,104,125,91,76,106,81,113,93,86,84,100,95,98,85,98,80,110,114,111,109,94,83,94,94,80,92,102,95,86,85,97,107,103,105,94,88,105,91,100,91
126,2018-09-04,86,98,93,109,92,79,115,96,105,102,96,94,94,106,106,100,79,99,80,94,104,125,91,77,105,81,113,94,87,84,100,95,98,85,98,81,110,115,111,107,95,83,94,96,80,90,101,95,86,85,98,108,104,103,94,89,105,91,100,91
127,2018-09-05,86,98,93,110,92,79,115,97,106,103,95,94,95,106,106,99,79,100,81,95,105,125,90,76,106,81,113,94,86,84,101,94,97,85,98,81,109,115,111,107,94,83,93,96,80,90,102,95,86,85,99,108,103,103,94,89,106,92,101,91
128,2018-09-06,86,99,93,110,92,79,115,97,106,103,95,94,95,105,107,99,79,100,81,95,105,125,90,76,106,81,113,94,86,84,101,94,97,85,98,81,109,115,111,107,94,83,93,96,80,90,102,95,86,85,99,108,103,103,94,89,106,92,101,91
129,2018-09-07,86,99,93,109,91,79,114,97,106,103,94,94,95,105,106,99,79,100,81,95,105,123,90,77,106,83,113,95,87,84,101,93,98,85,98,81,109,115,112,106,94,83,94,96,81,90,101,95,86,84,99,108,105,103,94,89,105,92,101,91
130,2018-09-08,86,99,93,111,91,80,114,97,105,103,94,94,95,106,107,99,80,100,81,96,105,124,90,77,107,84,113,94,86,84,101,92,97,85,98,82,109,114,113,107,95,83,94,96,81,90,101,95,86,84,99,106,105,105,94,89,107,92,100,93
131,2018-09-09,86,99,94,110,91,79,114,98,105,103,94,92,95,105,107,99,80,99,81,96,106,125,89,77,106,84,113,96,86,84,101,92,97,85,99,82,109,114,113,107,95,83,94,96,82,90,100,95,86,83,98,106,105,107,94,88,107,92,100,93
132,2018-09-10,86,99,94,109,91,79,114,98,105,101,94,92,96,106,106,100,81,99,80,96,105,124,89,77,106,84,113,97,86,84,101,93,97,84,99,82,109,115,113,107,95,83,94,97,82,90,100,95,86,82,98,106,105,106,93,89,107,92,100,93
133,2018-09-11,86,99,94,109,91,79,115,97,104,101,94,92,95,107,106,100,81,100,80,97,105,123,90,77,106,83,112,97,86,84,101,90,98,84,99,82,109,114,113,107,95,83,94,97,82,90,100,95,85,82,99,106,105,106,93,88,106,92,101,93
134,2018-09-12,86,98,94,108,90,79,114,97,104,101,94,92,95,107,106,98,81,101,80,97,105,124,89,77,106,84,112,97,85,84,101,90,97,83,100,82,108,114,113,106,95,83,94,96,81,90,100,96,85,81,98,106,105,106,92,89,106,90,101,94
135,2018-09-13,86,97,94,108,90,80,115,95,103,101,94,92,95,107,106,98,82,102,80,97,105,124,91,76,106,83,112,99,85,83,101,90,97,84,100,81,108,114,113,106,95,83,94,96,81,90,100,96,85,81,98,106,105,106,92,89,106,89,100,93
136,2018-09-14,86,97,95,109,90,81,114,95,103,101,94,92,95,108,106,98,81,102,80,98,105,123,91,76,106,83,112,99,85,83,101,91,97,84,101,82,109,114,112,106,96,84,95,96,81,89,100,96,85,81,97,106,104,105,92,88,105,89,101,92
137,2018-09-15,86,97,94,108,89,81,114,95,103,99,94,92,95,105,107,100,81,100,79,97,106,123,92,76,106,83,114,100,85,83,101,91,97,84,100,82,110,114,113,106,96,84,94,96,82,89,100,98,85,81,97,105,104,106,92,89,105,92,101,92
138,2018-09-16,86,97,94,108,90,81,114,95,103,99,94,92,95,105,107,99,80,101,79,98,106,123,92,76,106,84,113,100,85,83,100,93,98,85,100,81,110,113,112,107,95,84,94,95,82,90,100,98,85,81,97,105,105,106,92,89,105,91,101,94
139,2018-09-17,85,97,94,108,90,78,114,95,103,99,94,92,95,104,107,99,80,99,79,97,105,122,92,76,106,84,114,101,85,82,100,93,98,85,100,82,110,113,112,107,95,84,94,96,82,89,100,97,86,81,98,105,105,106,92,88,105,91,101,93
140,2018-09-18,85,96,94,108,90,78,113,93,103,99,95,91,95,104,107,99,80,98,79,97,105,122,91,77,106,84,113,100,85,82,100,93,98,85,100,82,109,113,112,106,95,84,95,94,82,89,100,97,86,81,98,106,106,106,92,87,105,91,101,94
141,2018-09-19,85,98,94,108,90,78,113,94,103,97,94,91,94,102,106,99,79,98,79,95,105,122,91,77,106,82,114,99,85,82,100,93,98,85,100,81,110,113,112,106,95,85,95,94,83,89,100,98,86,81,98,105,106,108,91,87,104,91,101,94
142,2018-09-20,85,98,95,108,90,78,113,95,103,97,94,91,94,102,107,99,79,98,80,95,105,122,91,79,105,82,114,99,86,81,100,93,98,85,100,82,109,115,114,105,95,85,95,94,83,89,100,98,86,81,98,105,106,108,91,87,105,90,101,92
143,2018-09-21,85,98,94,108,91,78,114,94,102,98,94,94,94,100,107,100,79,98,80,95,105,123,91,79,105,82,114,99,85,81,100,95,99,85,100,82,110,115,114,106,95,85,95,94,83,88,100,98,86,81,98,106,107,108,92,87,105,91,100,92
144,2018-09-22,84,98,94,108,91,77,114,94,102,97,94,94,94,100,107,100,78,99,80,95,106,123,91,79,105,82,114,99,85,81,99,95,98,85,99,82,110,115,114,106,94,85,95,94,83,88,101,100,85,81,98,105,107,108,92,85,105,92,100,93
145,2018-09-23,84,97,94,108,91,78,114,94,102,99,93,94,93,100,106,100,78,98,80,95,106,124,91,79,105,82,115,101,86,81,100,95,98,85,100,82,109,115,114,106,94,85,95,94,83,86,101,99,85,81,99,105,107,108,92,86,105,90,100,94
146,2018-09-24,84,96,94,108,91,78,114,93,102,99,93,93,93,100,107,99,79,98,80,95,106,124,91,79,105,82,115,101,86,81,100,95,98,85,100,82,109,115,114,106,93,85,95,94,83,87,101,99,84,81,98,106,107,107,92,86,104,91,101,94
147,2018-09-25,84,96,93,109,91,78,114,93,101,99,93,93,93,99,107,99,80,98,80,95,106,123,91,78,104,82,115,101,85,81,101,97,98,85,99,82,109,116,115,106,93,85,95,96,83,87,101,100,84,80,98,107,106,106,91,85,104,91,102,94
148,2018-09-26,84,97,92,109,91,79,116,93,102,98,92,94,93,99,108,100,82,98,80,94,105,123,91,80,104,82,114,100,85,81,100,97,98,87,100,81,109,115,115,106,93,85,95,97,83,87,101,100,84,80,98,106,107,106,91,85,104,91,102,95
149,2018-09-27,84,97,92,106,91,79,116,93,102,98,92,94,93,99,107,100,82,98,80,94,105,123,91,79,104,82,114,100,85,81,100,97,98,89,100,81,110,115,115,106,93,85,94,96,83,87,100,100,84,80,98,106,106,104,91,84,104,91,102,95
150,2018-09-28,84,97,93,107,91,79,116,92,102,98,92,94,93,99,108,100,83,99,79,96,104,124,91,79,105,83,114,100,86,81,101,97,98,89,99,81,111,116,114,107,93,85,95,97,83,86,99,102,84,80,97,106,106,105,91,85,105,91,102,96
151,2018-09-29,84,97,93,107,90,80,116,92,101,98,91,94,93,99,108,100,82,98,79,97,105,124,91,81,104,83,115,101,85,80,100,98,98,90,99,81,111,117,114,107,92,86,94,97,83,86,99,102,83,80,97,105,106,106,91,84,105,91,103,97
152,2018-09-30,84,96,92,106,90,80,117,93,101,99,91,93,93,98,108,100,83,99,79,95,104,123,90,81,104,83,117,101,85,80,101,98,98,90,99,81,110,116,114,107,92,85,94,97,83,87,99,101,83,79,97,105,107,106,91,83,105,91,102,96
